carparkid,regions
Z01,Central North & North East
Z02,Central North & North East
Z03,Central North & North East
Z04,Central North & North East
Z05,Central North & North East
Z06,Central North & North East
Z07,Central North & North East
Z08,Central North & North East
Z09,Central North & North East
Z10,Central North & North East
Z11,Central North & North East
Z12,Central North & North East
Z13,Central North & North East
Z14,Central North & North East
Z15,Central North & North East
Z16,Central North & North East
Z17,Central North & North East
Z18,Central North & North East
Z19,Central North & North East
Z20,Central North & North East
Z21,Central North & North East
Z22,Central North & North East
Z23,Central North & North East
Z24,Central North & North East
Z25,Central North & North East
Z26,Central North & North East
Z27,Central North & North East
Z28,Central North & North East
Z29,Central North & North East
Z30,Central North & North East
Z31,Central North & North East
Z32,Central North & North East
Z33,Central North & North East
Z34,Central North & North East
Z35,Central North & North East
Z36,Central North & North East
Z37,East
Z38,East
Z39,East
Z40,East
Z41,East
Z42,East
Z43,East
Z44,East
Z45,East
Z46,East
Z47,East
Z48,East
Z49,East
Z50,East
Z51,East
Z52,East
Z53,East
Z54,East
Z55,East
Z56,East
Z57,East
Z58,East
Z59,East
Z60,East
Z61,East
Z62,East
Z63,East
Z64,East
Z65,East
Z66,Hotels
Z67,Hotels
Z68,Hotels
Z69,Hotels
Z70,Hotels
Z71,Hotels
Z72,Hotels
Z73,Hotels
Z74,Hotels
Z75,Hotels
Z76,Hotels
Z77,Hotels
Z78,Hotels
Z79,Hotels
Z80,Hotels
Z81,Hotels
Z82,Hotels
Z83,Hotels
Z84,Hotels
Z85,Hotels
Z86,Hotels
Z87,Hotels
Z88,Hotels
Z89,Hotels
Z90,Hotels
Z91,Hotels
Z92,Hotels
Z93,Hotels
Z94,Hotels
Z95,Hotels
Z96,Hotels
Z97,Hotels
Z98,Hotels
Z99,Hotels
Z100,Hotels
Z101,Hotels
Z102,Hotels
Z103,Hotels
Z104,Hotels
Z105,Hotels
Z106,Hotels
Z107,Hotels
Z108,Hotels
Z109,Hotels
Z110,Hotels
Z111,Hotels
Z112,Hotels
Z113,Hotels
Z114,Hotels
Z115,Hotels
Z116,Hotels
Z117,Hotels
Z118,Hotels
Z119,Hotels
Z120,Hotels
Z121,Orchard Area
Z122,Orchard Area
Z123,Orchard Area
Z124,Orchard Area
Z125,Orchard Area
Z126,Orchard Area
Z127,Orchard Area
Z128,Orchard Area
Z129,Orchard Area
Z130,Orchard Area
Z131,Orchard Area
Z132,Orchard Area
Z133,Orchard Area
Z134,Orchard Area
Z135,Orchard Area
Z136,Orchard Area
Z137,Orchard Area
Z138,Orchard Area
Z139,Orchard Area
Z140,Orchard Area
Z141,Orchard Area
Z142,Orchard Area
Z143,Orchard Area
Z144,Orchard Area
Z145,Orchard Area
Z146,Orchard Area
Z147,Orchard Area
Z148,Orchard Area
Z149,Orchard Area
Z150,Orchard Area
Z151,Orchard Area
Z152,Orchard Area
Z153,Orchard Area
Z154,Orchard Area
Z155,Orchard Area
Z156,Orchard Area
Z157,Orchard Area
Z158,Orchard Area
Z159,Orchard Area
Z160,Orchard Area
Z161,Orchard Area
Z162,Orchard Area
Z163,Orchard Area
Z164,Orchard Area
Z165,Orchard Area
Z166,Orchard Area
Z167,Orchard Area
Z168,Orchard Area
Z169,Orchard Area
Z170,Orchard Area
Z171,Orchard Area
Z172,Orchard Area
Z173,Orchard Area
Z174,Orchard Area
Z175,Orchard Area
Z176,Orchard Area
Z177,Orchard Area
Z178,Orchard Area
Z179,Orchard Area
Z180,Orchard Area
Z181,Orchard Area
Z182,Orchard Area
Z183,Singapore Attractions
Z184,Singapore Attractions
Z185,Singapore Attractions
Z186,Singapore Attractions
Z187,Singapore Attractions
Z188,Singapore Attractions
Z189,Singapore Attractions
Z190,Singapore Attractions
Z191,Singapore Attractions
Z192,Singapore Attractions
Z193,Singapore Attractions
Z194,Singapore Attractions
Z195,Singapore Attractions
Z196,Singapore Attractions
Z197,Singapore Attractions
Z198,Singapore Attractions
Z199,Singapore Attractions
Z200,Singapore Attractions
Z201,Singapore Attractions
Z202,Singapore Attractions
Z203,Singapore Attractions
Z204,Singapore Attractions
Z205,Singapore Attractions
Z206,Singapore Attractions
Z207,Singapore Attractions
Z208,Singapore Attractions
Z209,Singapore Attractions
Z210,Singapore Attractions
Z211,Singapore Attractions
Z212,South & CBD
Z213,South & CBD
Z214,South & CBD
Z215,South & CBD
Z216,South & CBD
Z217,South & CBD
Z218,South & CBD
Z219,South & CBD
Z220,South & CBD
Z221,South & CBD
Z222,South & CBD
Z223,South & CBD
Z224,South & CBD
Z225,South & CBD
Z226,South & CBD
Z227,South & CBD
Z228,South & CBD
Z229,South & CBD
Z230,South & CBD
Z231,South & CBD
Z232,South & CBD
Z233,South & CBD
Z234,South & CBD
Z235,South & CBD
Z236,South & CBD
Z237,South & CBD
Z238,South & CBD
Z239,South & CBD
Z240,South & CBD
Z241,South & CBD
Z242,South & CBD
Z243,South & CBD
Z244,South & CBD
Z245,South & CBD
Z246,South & CBD
Z247,South & CBD
Z248,South & CBD
Z249,South & CBD
Z250,South & CBD
Z251,South & CBD
Z252,South & CBD
Z253,South & CBD
Z254,South & CBD
Z255,South & CBD
Z256,South & CBD
Z257,South & CBD
Z258,South & CBD
Z259,South & CBD
Z260,South & CBD
Z261,South & CBD
Z262,South & CBD
Z263,South & CBD
Z264,South & CBD
Z265,South & CBD
Z266,South & CBD
Z267,South & CBD
Z268,South & CBD
Z269,South & CBD
Z270,South & CBD
Z271,South & CBD
Z272,South & CBD
Z273,South & CBD
Z274,South & CBD
Z275,South & CBD
Z276,South & CBD
Z277,South & CBD
Z278,South & CBD
Z279,South & CBD
Z280,South & CBD
Z281,South & CBD
Z282,South & CBD
Z283,South & CBD
Z284,South & CBD
Z285,South & CBD
Z286,South & CBD
Z287,South & CBD
Z288,South & CBD
Z289,South & CBD
Z290,South & CBD
Z291,South & CBD
Z292,South & CBD
Z293,South & CBD
Z294,South & CBD
Z295,South & CBD
Z296,South & CBD
Z297,South & CBD
Z298,South & CBD
Z299,South & CBD
Z300,South & CBD
Z301,South & CBD
Z302,South & CBD
Z303,South & CBD
Z304,South & CBD
Z305,South & CBD
Z306,South & CBD
Z307,South & CBD
Z308,South & CBD
Z309,South & CBD
Z310,South & CBD
Z311,South & CBD
Z312,South & CBD
Z313,South & CBD
Z314,South & CBD
Z315,South & CBD
Z316,South & CBD
Z317,South & CBD
Z318,South & CBD
Z319,South & CBD
Z320,South & CBD
Z321,South & CBD
Z322,South & CBD
Z323,South & CBD
Z324,South & CBD
Z325,South & CBD
Z326,South & CBD
Z327,West
Z328,West
Z329,West
Z330,West
Z331,West
Z332,West
Z333,West
Z334,West
Z335,West
Z336,West
Z337,West
Z338,West
Z339,West
Z340,West
Z341,West
Z342,West
Z343,West
Z344,West
Z345,West
Z346,West
Z347,West
Z348,West
Z349,West
Z350,West
Z351,West
Z352,West
Z353,West
Z354,West
Z355,West
Z356,West
Z357,West
